Tweet Text,Tweet User
Draymond Green enjoying LeBron's Hennessy ğŸ˜‚ğŸ·,TheNBACentel
"""Sports gambling isn't available in my state."" 

This is WRONG ğŸš«

You can gamble in ANY state & make serious profits... 

There's FIVE different ""types"" of sports gambling. Here's the most profitable ones ğŸ§µğŸ‘‡",TheNBACentel
"Doc Rivers have informed the Bucks heâ€™ll start taking coaching â€˜seriouslyâ€™ now, per @ChrisBHayne",TheNBACentel
LeBron with high praise for Gradey Dick: â€œDickâ€™s smooth stroke and ability to penetrate the defense really sets him apart. He knows how to finish strong when it matters most.â€ (Via @WindhostESPN),TheNBACentel
Paul Pierce was reportedly disguised as a Detroit Lions player. (Via @TMZ_Sports),TheNBACentel
"Kevin Durant on parlays: â€œFans can bet all they want, Iâ€™m here playing basketball and winning rings. Thatâ€™s the real goal. Stay mad.â€ (Via @boardroom)",TheNBACentel
LeBron All Time Points vs Toronto.,TheNBACentel
"The Lakers have temporarily deactivated Dâ€™Angelo Russellâ€™s keycard to the training facility, citing it as â€œroutine maintenance.â€ (Via @SharmsCharania)",TheNBACentel
Bronny James is reportedly facing challenges reaching 10 points in NBA 2K25. (Via @NBA2K),TheNBACentel
Dick couldnâ€™t handle LeBron.  (Via @LADEig),TheNBACentel
Grant Williams off the glass to send it to DOUBLE OT.,TheNBACentel
Draymond Green punches Dort in the head.,TheNBACentel
PAUL GEORGE GAME WINNER,TheNBACentel
"The Warriors are up by 100 against OKC. ğŸ˜³

(Via 
@realapp_
)",TheNBACentel
"Trae Young reportedly â€œarousedâ€ at the thought of playing for the Lakers, per 
@WindhostESPN",TheNBACentel
Anthony Edwards broke the rim after this dunk ğŸ¤¯,TheNBACentel
Darvin Ham is smiling at Tatum getting injured.. ğŸ˜¬,TheNBACentel
Giannis almost ended Tatumâ€™s career. ğŸ˜³,TheNBACentel
The Bucks are now 2-13 with Doc Rivers ğŸ”¥,TheNBACentel
Giannis went OFF against the Celtics ğŸ”¥,TheNBACentel
Kyle Kuzma working on his game. ğŸ”¥,TheNBACentel
JALEN GREEN EXPLODES ALL OVER CADE CUNNINGHAM ğŸ¤¯,TheNBACentel
Giannis did Jaylen Brown so dirty. ğŸ˜³,TheNBACentel
"Bronny James on scoring in the NBA vs GLeague: 

â€œItâ€™s easier to score in the NBA than in the G League.â€

(Via 
@ESPNNBA
)",TheNBACentel
"REPORT: Dâ€™Angelo Russell out indefinitely due to â€œice in his brain.â€

(Via 
@ChrisBHayne
)",TheNBACentel
LeBron lying for no reason. ğŸ˜‚,TheNBACentel
"Bronny Jamesâ€™s G League debut: 

47 Points 
14 Assists 

ğŸ”¥ğŸ”¥ğŸ”¥",TheNBACentel
"Isaiah Thomas reportedly signs a 10-day contract with his local LA Fitness gym.

(Via 
@LAFitness
)",TheNBACentel
Bronny Jamesâ€™ G League debut will be broadcasted exclusively on Tubi. ğŸ”¥,TheNBACentel
"Bronny James updated his Instagram bio ğŸ‘€

â€œFuture Hall of Famer.â€",TheNBACentel
"85% of Kawhi Leonard fans in romantic relationships admit they prefer texting over face-to-face interactions and struggle to make eye contact.

(Via 
@ESPNNBA
)",TheNBACentel
"D'Angelo Russell is legally changing his name to Amber Rose, per 
@ScoopB",TheNBACentel
"Report: Celtics teammates reportedly begging Jayson Tatum to stop calling every play â€œMamba Mentalityâ€ during practice.

(Via 
@SharmsCharania
)",TheNBACentel
"BREAKING: The Bucks have parted ways with Doc Rivers, per 
@ChrisBHayne",TheNBACentel
Michelle Beadle said the N-word live on air. ğŸ˜³,TheNBACentel
"Bronny James spotted at Los Angeles International Airport ğŸ‘€

(Via 
@flyLAXairport
)",TheNBACentel
STEPH CURRY NO LOOK THREE. ğŸ¤¯ğŸ”¥,TheNBACentel
Jusuf NurkiÄ‡ ELBOWS Luka. ğŸ˜¬,TheNBACentel
KAT POSTERIZES GIANNIS. ğŸ”¥ğŸ”¥ğŸ”¥,TheNBACentel
Cleveland up by 65 against the Warriors. ğŸ˜±,TheNBACentel
Bronny James on the Lakersâ€™ trade list. ğŸ‘€,TheNBACentel
Brooklyn Nets are BLOWING OUT Celtics without Ben Simmons. ğŸ¤¯,TheNBACentel
"Tyrese Haliburton leads the league in most â€œclutchâ€ points. ğŸ˜³
",TheNBACentel
"The NBA grant Jokic a one-time exception to bring his horse for his pre-game ritual. 

(Via 
@ESPNNBA
)",TheNBACentel
"Zion Williamson banned from team dinners after stuffing entire teamâ€™s burgers into his gym bag â€˜for later.â€™

(Via 
@ChrisBHayne
)",TheNBACentel
Suns rookie Oso Ighodaro shooting form looking disturbing to watch. ğŸ«£,TheNBACentel
"Klay Thompson adds â€˜4x champâ€™ to his Starbucks order. ğŸ˜‚ğŸ”¥

(Via 
@Starbucks
)",TheNBACentel
Draymond Greenâ€™s face after reading Savanah Jamesâ€™ comment on IG Live ğŸ‘€,TheNBACentel
"Lamar Odom buys $20,000 custom life-size doll resembling ex-wife Khloe Kardashian.

(Via 
@WORLDSTAR
)",TheNBACentel
"BREAKING: Bronny James announces his retirement after just four games with the Los Angeles Lakers.

(Via 
@WindhostESPN
)",TheNBACentel
ANT JUST ENDED VUCEVICâ€™ CAREER. ğŸ˜³,TheNBACentel
"Bronny James reportedly denied entry into the G Leagueâ€™s South Bay Lakers, per 
@SharmsCharania
",TheNBACentel
"D'Angelo Russell spotted at Dave & Busterâ€™s, reportedly â€˜still working on his jump shotâ€™ 

(Via 
@DaveandBusters
)",TheNBACentel
"Kyle Kuzma is reportedly furious after finding his post-game outfits in the team lost and found, per 
@ChrisBHayne",TheNBACentel
"Ben Simmons shocks teammates by hitting back-to-back jumpers in practice, refuses to do it again to â€˜avoid setting expectationsâ€™

(Via 
@ScoopB
)
",TheNBACentel
"Kevin Durantâ€™s twin brother Nolan Durant spotted hustling in Brooklyn, New York. 

(Via 
@TMZ_Sports
)",TheNBACentel
"JJ Redick whispered to Dâ€™Angelo Russell after the game: â€˜No need to wear your NBA jersey under your warm-up anymore.â€™

(Via 
@SharmsCharania
)",TheNBACentel
"Anthony Davis: 

â€œMake America Great Again.â€ ğŸ‘€",TheNBACentel
"Jayson Tatum is currently in the locker room rewatching himself getting benched during the Olympics. 

Heâ€™s facing off against Steve Kerr tonight. ğŸ˜³",TheNBACentel
"Isaiah Thomas launches a new podcast, â€œUnderdog Tales.â€ Episode one is a 30-minute story about how â€œSize Doesnâ€™t Matter.â€ 

(Via 
@Spotify
)
",TheNBACentel
"LEAKED: LeBron statue has been revealed. 

ğŸ˜³

(Via 
@ESPNNBA
)",TheNBACentel
"Joel Embiid is reportedly bedridden, worried about being deported.

(Via 
@ChrisBHayne
)",TheNBACentel
"Trae Young cut his hair. ğŸ˜³

ğŸ“¸ via 
@ATLHawks",TheNBACentel
"LeBron on Trump becoming president: 

â€œItâ€™s wild. I woke up sweating from a nightmare that Trump was giving a victory speech. I saw Bronny fall to his knees, thatâ€™s when I knew he beat another woman.â€ 

(Via 
@SharmsCharania
)",TheNBACentel
"Polls for Kamala Harris plummet after Doc Rivers at a recent rally says, â€œWe need to treat Election Day like itâ€™s the 4th quarter.â€

(Via 
@CNN
)
",TheNBACentel
"Bronny James makes an appearance on the California poll results. ğŸ’€ 

(Via 
@FoxNews
)",TheNBACentel
"Skip Baylessâ€™ Twitter hacked after hacker guessed his password: â€œiHateLeBron1234â€

ğŸ˜³",TheNBACentel
"Dwight Howard says he voted in todayâ€™s erection but will keep his choice private.

(via 
@TMZ_Sports
)",TheNBACentel
"BREAKING: The Milwaukee Bucks are reportedly firing Head Coach Doc Rivers, as well as Assistant Coach Darvin Ham, sources tell ESPN. Doc Rivers led the Bucks to the worst record in the Eastern Conference.",TheNBACentel
"Kevin Durant encourages fans to â€œtreat the election like free agency, choose wisely.â€

(Via 
@boardroom
)
",TheNBACentel
BREAKING: Kawhi Leonard announces heâ€™s ready to play tonight. ğŸ”¥,TheNBACentel
"The Pelicans stated that Zion Williamsonâ€™s diet has drastically improved:

â€œHe now only eats two full buffets a day.

- David Griffin 

(Via 
@ChrisBHayne
)",TheNBACentel
Westbrook is BACK. ğŸ”¥ğŸ”¥ğŸ”¥,TheNBACentel
JOKIC EXPLODES ON DICK. ğŸ¤¯,TheNBACentel
"LeBron James on loss to the Pistons: 

â€œItâ€™s simple, we didnâ€™t have Bronny on the court.â€ 

(Via 
@ScoopB
)",TheNBACentel
"Draymond Green to Jordan Poole:

â€œHowâ€™s your jaw since the incident JP?â€ ğŸ˜³",TheNBACentel
LeBron with the DIME of the year. ğŸ”¥,TheNBACentel
The Bucks are now 1-6 with Doc Rivers ğŸ”¥,TheNBACentel
Lakers are down 23 to the Pistons ğŸ˜¬,TheNBACentel
Draymond Green and Jordan Poole banging in the paint. ğŸ˜³,TheNBACentel
"STEPH CURRY ENDS THE HALF WITH A NO-LOOK THREE. ğŸ”¥
",TheNBACentel
Weâ€™re so back. ğŸ”¥,TheNBACentel
Fred VanVleet added some extra pounds. ğŸ˜³,TheNBACentel
"Russell Westbrook considers giving teammates some shots but worries they might mess up his efficiency.

(Via 
@StatMamba
)",TheNBACentel
Ben Simmons says he â€˜just needs a few more yearsâ€™ to reach his full potential.,TheNBACentel
Damian Lillard liked this post. ğŸ˜³,TheNBACentel
"Report: Milwaukee Bucks recovered Bobby Portisâ€™s stolen possession but will only return it if he improves his game.

(Via 
@ScoopB
)",TheNBACentel
Dyson Daniels shot up the entire Pelicans bench. ğŸ˜³,TheNBACentel
"Darvin Ham and Doc Rivers are creating a â€˜lockdown defense strategyâ€™ for Bobby Portisâ€™ house due to his recent home burglary. 

(Via 
@ChrisBHayne
)
",TheNBACentel
"Draymond Green shares a glimpse of his custom-made bathroom design. ğŸ‘€ğŸ”¥

(Via 
@ESPMNBA
)",TheNBACentel
"Kevin Durant in the back, cooking up a response to the trolls on Twitter. ğŸ˜­",TheNBACentel
"Damian Lillard reportedly heard shouting in the tunnel, â€˜Heâ€™s not even a f**king doctor.â€ 

ğŸ˜³
",TheNBACentel
"REPORT: Bucks â€˜edgingâ€™ themselves on firing Doc Rivers but hesitant to give Darvin Ham the coaching role. 

(Via 
@SharmsCharania
)",TheNBACentel
"â€œThe next time you bring up my dead brother and my son again, you are going to see what Iâ€™m going to do to you and Iâ€™m going to have to live with the consequences.â€

ğŸ˜³

(Via 
@KevinCooney
)",TheNBACentel
Westbrook vibing on his phone while the Nuggets are blowing out Utah. ğŸ˜‚ğŸ”¥,TheNBACentel
"Damian Lillard reportedly heard shouting in the tunnel, â€˜Heâ€™s not even a f**king doctor.â€ 

ğŸ˜³

(Via 
@WindhostESPN
)",TheNBACentel
Drake was GRILLING DeMar DeRozan ğŸ˜­,TheNBACentel
"DICK WAS WET TONIGHT. ğŸ”¥

34 POINTS 
8 REBOUNDS
10 ASSISTS 
11/15 3P",TheNBACentel
Joel Embiid punched a reporter. ğŸ˜³,TheNBACentel
DONOVAN MITCHELL GAME WINNER. ğŸ”¥,TheNBACentel
"â€œIf you ever put up a DeMar DeRozan banner, Iâ€™ll go up and pull it down myself.â€

- Drake ğŸ˜³
",TheNBACentel
Grant Williams showing off his floater. ğŸ”¥,TheNBACentel
Brandon Miller Explodes All Over Tatumâ€™s Face ğŸ¤¯,TheNBACentel
"Draymond Green on Rudy Gobert: 

â€œRudy Gobert has no place in our league. His constant fights and bullying are unacceptable and damaging to the game.â€

(Via 
@ESPMNBA
)",TheNBACentel
"Kawhi Leonard reassures fans heâ€™ll be fully healthy and ready to play 12 games next season.

(Via 
@SharmsCharania
)",TheNBACentel
Damian Lillard posted a cryptic picture of Miami on his Instagram story. ğŸ˜³,TheNBACentel
"Jokic had to shove Westbrook away from the rolling ball to avoid clock interference. 

ğŸ’€
",TheNBACentel
"Courtside view of last nightâ€™s scuffle. 

Malice at the Palace Part 2. ğŸ˜³",TheNBACentel
"Bronny James:

â€œIn high school, I was just an everyday guy on the court, but now that Iâ€™m in the NBA, I feel like a top-tier athlete.â€

(Via 
@ScoopB
)",TheNBACentel
LeBronâ€™s career average against the Raptors. ğŸ˜³,TheNBACentel
Westbrook at halftime. ğŸ”¥ğŸ”¥ğŸ”¥,TheNBACentel
LeBron wrote â€œLeBrontoâ€ on his shoe. ğŸ¥¶,TheNBACentel
"Dick couldnâ€™t finish tonight:

31 points 
7 rebounds 
3 assists
1 steal
",TheNBACentel
No way Miles Bridges got EJACULATED for blocking the ball. ğŸ˜­,TheNBACentel
Grant Williams ejaculated after a Flagrant 2 foul on Jayson Tatum. ğŸ˜³,TheNBACentel
Jrue Holiday with FASTBREAK DUNK ğŸ¤¯,TheNBACentel
Ben Simmons is HOOPING against the Bulls. ğŸ”¥ğŸ”¥ğŸ”¥,TheNBACentel
James with the BLOCK. ğŸ”¥,TheNBACentel
Knicks are up by 50 in the 1st quarter. ğŸ˜³,TheNBACentel
LeBronto has arrived in Toronto ğŸ‘€ğŸ”¥,TheNBACentel
"BREAKING: Giannis Antetokounmp is frustrated with the Bucks organization and has officially requested a trade. 

(Via 
@ChrisBHayne
)",TheNBACentel
LaMelo Ball spotted with Skai Jackson. ğŸ‘€,TheNBACentel
"LeBron on Young Thug: 

â€œItâ€™s funny. I was playing Young Thugâ€™s â€˜Tick Tockâ€™ during my workout and had a gut feeling the judge would free him today. it feels surreal.â€

(Via 
@TMZ_Sports
)",TheNBACentel
"Giannis looks broken ğŸ’” 

Get him some help..",TheNBACentel
Damian Lillard called Giannis to remind him that Daylight Savings Time is coming up.âŒšï¸,TheNBACentel
"Ben Simmons on his back injury: 

â€œEver since my back been blow out back in 2017, I feel like I havenâ€™t fully recovered.â€

(Via 
@ChrisBHayne
)",TheNBACentel
".
@mymixtapez
 stop spreading misinformation.",TheNBACentel
Halloween Wemby ğŸƒğŸ”¥,TheNBACentel
Isaiah Thomas dresses up as a NBA player for Halloween. ğŸ”¥,TheNBACentel
"Defensive game incoming. ğŸ‘€ 
@NV_DPBbet",TheNBACentel
"Draymond Green says heâ€™ll carve LeBronâ€™s statue with his own hands: 

â€œIâ€™ve been close enough to LeBron to know every wrinkle, flex, and even the exact places where his veins are prominent during a game.â€

(Via 
@ESPMNBA
)",TheNBACentel
"NBA Referee under fire for watching the Dodgers Game last night instead of reviewing plays. 

ğŸ˜³",TheNBACentel
"The Pacers hung a â€˜We Beat Bostonâ€™ banner, celebrating their first championship. ğŸ”¥",TheNBACentel
Jayson Tatum is Kobe Bryant for Halloween ğŸƒ ğŸ,TheNBACentel
Angel Reese shows all the missed calls she gets from Shaq. ğŸ˜¬,TheNBACentel
LeBron was stroking the powder before his pre-game ritual tonight. ğŸ”¥,TheNBACentel
Ben Simmons training with Drake. ğŸ‘€ğŸ”¥,TheNBACentel
Which NBA player is the closest comparison to Shohei Ohtani?,TheNBACentel
JAYLEN BROWN GAME WINNER. ğŸ˜³ğŸ”¥,TheNBACentel
HALI FOR THE WIN. ğŸ”¥ğŸ”¥ğŸ”¥,TheNBACentel
BRONNY FIRST NBA BUCKET. ğŸ”¥ğŸ”¥ğŸ”¥,TheNBACentel
D'Angelo Russell showed up tonight. ğŸ˜¤,TheNBACentel
"Kenny Atkinson laughs after LeBron tells him, â€œBronnyâ€™s the future of the league.â€ ğŸ¤£",TheNBACentel
RUI GIVES A FACIAL TO JARRETT ALLEN ğŸ¤¯,TheNBACentel
Jimmy Butler purposely ignoring KAT. ğŸ˜­,TheNBACentel
The Cleveland Cavaliers are setting up Bronny James with his very own premium â€˜VIP front-row bench seatâ€™ for tonightâ€™s game. ğŸ”¥,TheNBACentel
Kevin Durant spotted telling Devin Booker â€˜letâ€™s go hoopâ€™ at Bookerâ€™s birthday party. ğŸ”¥,TheNBACentel
"Kuminga and an inebriated Draymond Green, reportedly under the influence of Bron Hennessy, had a â€œheatedâ€ exchange during practice. 

Consequently, Coach Kerr has demoted Kuminga to the bench.

(Via 
@SharmsCharania
)",TheNBACentel
"LeBron says heâ€™s making changes to his game:

â€œIâ€™m conserving my energy by no longer running back on defense.â€

(Via 
@ScoopB
)",TheNBACentel
"Isaiah Thomas reportedly created himself as the point guard for the Celtics in NBA 2K25.

(Via 
@NBA2K
)",TheNBACentel
"Angel Reese describes her perfect NBA player:

â€œ666. 6 feet. 6 inches. 6 figures. Thatâ€™s my type.â€ 

ğŸ˜…

(Via 
@TMZ
)",TheNBACentel
Warriors are HOOPING without Steph ğŸ”¥,TheNBACentel
Westbrook with the DIME OF THE YEAR.ğŸ”¥,TheNBACentel
Jamal Murray is BACK. ğŸ”¥,TheNBACentel
ANTHONY EDWARDS 33 POINTS IN THE FIRST QUARTER. ğŸ˜³,TheNBACentel
"Stephen A Smith takes a shot at Kawhi ğŸ˜³

â€œDick doesnâ€™t believe in load management. He goes hard every night and leaves it all out there on the floor, unlike that man in LA.â€ 

(Via 
@ESPMNBA
)",TheNBACentel
"Netflix asked Kawhi Leonard to join the Starting 5 NBA documentary, but he showed no interest with his response: 

â€œNah, I have to go home after work.â€

(Via 
@netflix
)",TheNBACentel
Klay Thompson having a blast on the bench ğŸ”¥,TheNBACentel
"Phil Jackson reportedly slapped his granddaughter, per 
@TMZ_Sports
 

ğŸ˜³
",TheNBACentel
"The Miami Heat have unveiled a new painting in celebration of Dwyane Wadeâ€™s statue reveal. ğŸ”¥

(Via 
@NBATV
)",TheNBACentel
"Doc Rivers was experiencing rectal dysfunction during last nightâ€™s game vs. the Celtics.

(Via 
@SharmsCharania
)",TheNBACentel
"J.R. Smith plans on giving out mini Hennessy bottles to trick-or-treaters on Halloween night. ğŸƒ

(Via 
@TMZ_Sports
)",TheNBACentel
"Draymond Green on purchasing LeBronâ€™s Hennessy: 

â€œI can finally have his juice inside me.â€ ğŸ·",TheNBACentel
"The Lakers granted Bronny James permission to play on his PS5 on the bench during tonightâ€™s game. ğŸ”¥

(Via 
@WindhostESPN
)",TheNBACentel
Damian Lillard with the â€œBLESSEDâ€ tattoo. ğŸ”¥,TheNBACentel
Scary injury for Hendricks.. ğŸ˜”,TheNBACentel
RAPTORS & NUGGETS BRAWL ğŸ¤¯ğŸ¤¯ğŸ¤¯,TheNBACentel
Tatum hits a DEEP THREE over Gainnis. ğŸ”¥,TheNBACentel
Giannis avoids defending Tatum. ğŸ‘€,TheNBACentel
PAOLO BANCHERO HAS 47 POINTS IN THE FIRST HALF ğŸ˜³,TheNBACentel
"Joel Embiid received a postgame testical foul for waving a towel during Pacers free throws yesterday.

ğŸ˜³",TheNBACentel
"Draymond Green is OUT tonight due to â€˜phallus strainâ€™ per 
@ChrisBHayne",TheNBACentel
"Gabrielle Union and Dwyane Wade updated their wedding photo. ğŸ¥¹

(Via 
@PalmerDesigns_
)",TheNBACentel
"Kyle Kuzma was seen in the gym last night putting up 1,000 shots in an effort to work through his shooting slump.

(Via 
@ChrisBHayne
)",TheNBACentel
"Jalen Williams diet has been postponed, per 
@ScoopB
",TheNBACentel
"LEAKED: Wembyâ€™s head got wedged between the rim and backboard during pre game. 

(Via 
@ESPMNBA
)",TheNBACentel
Ben Simmons still seems hesitant to take shots. ğŸ˜³,TheNBACentel
Darvin Ham out coaching Doc Rivers ğŸ‘€,TheNBACentel
Ben Simmons passed a open lob ğŸ˜³ğŸ˜­,TheNBACentel
Jack Harlow pulled up to the Warriors game tonight. ğŸ”¥,TheNBACentel
"Dwayne Wade on his statue: 

â€œWHOâ€™S THAT GUY.â€ ğŸ˜­ğŸ˜­ğŸ˜­",TheNBACentel
DWAYNE WADE STATUE IS. ğŸ”¥ğŸ”¥ğŸ”¥,TheNBACentel
"Kevin Durant on â€˜too smallâ€™ to Luka:

â€œI wasnâ€™t talking about his height.â€ 

(Via 
@YahooSports
)",TheNBACentel
"Bronny James and Rui Hachimura were reportedly split up after Bronny whispered under his breath, â€˜Next time pass the ball to my dad,â€™ which caused Rui to react.

(Via 
@ESPMNBA
)",TheNBACentel
"The NBA has introduced a â€˜Netflix & Chillâ€™ lounge for players as part of post-game activities. ğŸ”¥

(Via 
@netflix
)",TheNBACentel
"Kevin Durant on â€˜too smallâ€™ to Luka:

â€œI wasnâ€™t talking about his height.â€ 

(Via 
@YahooSports
)",TheNBACentel
"Bronny James and Rui Hachimura were reportedly split up after Bronny whispered under his breath, â€˜Next time pass the ball to my dad,â€™ which caused Rui to react.

(Via 
@ESPMNBA
)",TheNBACentel
"Angel Reese was reportedly uncomfortable after Shaq told her:

â€œIâ€™m no weatherman, but you can expect 3 inches tonight.â€

(Via 
@ESPMNBA
)",TheNBACentel
Kuzma waved his teammates off and drained it from the LOGO. ğŸ¤¯,TheNBACentel
"An anonymous NBA player was overheard in the Denver locker room shouting:

â€œI will never understand how he fooled yet another team.â€

ğŸ˜³
",TheNBACentel
"This Laker fan sign. ğŸ˜¬

â€œBronny go back to USC and get a degree.â€",TheNBACentel
Bronny is back. ğŸ”¥ğŸ”¥ğŸ”¥,TheNBACentel
KYRIE ANKLE BREAKER AND HITS THE 3. ğŸ”¥,TheNBACentel
Anthony Edwards disrespecting Dick ğŸ˜­,TheNBACentel
Kuzma waved his teammates off and drained it from the LOGO. ğŸ¤¯,TheNBACentel
Aâ€™ja Wilson attended Heat-Hornets to support boyfriend Bam Adebayo. ğŸ”¥,TheNBACentel
"Russell Westbrook has made it clear to the Nuggets Front Office: â€œEither start me or trade meâ€

ğŸ˜³

(Via 
@SharmsCharania
)",TheNBACentel
"Westbrook is HOOPING. ğŸ‘€ğŸ”¥

(Via 
@realapp_
)",TheNBACentel
WESTBROOK WITH THE KOBE FADEAWAY ğŸ˜®â€ğŸ’¨,TheNBACentel
Jrue Holiday reportedly spent $250 dollars on a Sydney Sweeney Fart vape. ğŸ‘€ğŸ¤¯,TheNBACentel
"Report: Devin Booker (scared of Doncic) OUT vs Mavericks, per 
@SharmsCharania",TheNBACentel
"BREAKING: Bronny James is reportedly considering retiring from the NBA. 

(Via 
@WindhostESPN
)",TheNBACentel
Explain this in NBA Terms:,TheNBACentel
"LeBron James hooping without Bronny. ğŸ”¥

(Via 
@realapp_
)",TheNBACentel
WALKER POSTERIZES MIKAL BRIDGES ğŸ¤¯,TheNBACentel
"Tyrese Haliburton dominating the Knicks ğŸ˜³

(Via 
@realapp_
)",TheNBACentel
GIANNIS EXPLODING ALL IN NIKOLA VUCEVICâ€™S FACE ğŸ˜±,TheNBACentel
Embiidâ€™s new free-throw routine includes an unusual habit of scratching his ass.. ğŸ¤¢,TheNBACentel
Draymond with his 1st Testicle foul of the season. ğŸ˜³,TheNBACentel
MIKAL SHOT IS FIXED ğŸ”¥ğŸ”¥ğŸ”¥,TheNBACentel
"LeBron on Lil Durk: 

â€œI had a premonition Lil Durk was gonna get arrested after our FaceTime call the night before, and I told him, You know what they say, keep your enemies close and your friends far.â€ 

(Via 
@ESPMNBA
)",TheNBACentel
Jeremy Sochanâ€™s new shooting form ğŸ¤©,TheNBACentel
"Rushelle Westbrook, sister of Russell Westbrook goes off. ğŸ˜³

(Via @lakeshow4lyfe93)",TheNBACentel
"The Knicks reportedly contacted Pfizer and Moderna to develop a vaccine to improve Mikal Bridgesâ€™ shooting.

(Via 
@pfizer
)",TheNBACentel
"Draya Michele believes Bronny James is her soulmate.

â€œHeâ€™s got that vibe Iâ€™ve been looking for.â€ 

(Via 
@TMZ_Sports
)",TheNBACentel
BREAKING: The Los Angeles Lakers are sending Bronny James to the G League for further development.,TheNBACentel
"BREAKING: Zion Williamson is OUT tonight due to â€˜Sperm Crampsâ€™, per 
@ChrisBHayne",TheNBACentel
Kyle Kuzma is officially washed. ğŸ’”ğŸ•Šï¸,TheNBACentel
Jordan Poole Twerking.. ğŸ˜¬ğŸ˜¬,TheNBACentel
"#2 draft pick Alex Sarr is going OFF. ğŸ‘€ğŸ”¥

(Via 
@realapp_
)",TheNBACentel
"Luka Doncic is HOOPING. ğŸ‘€ğŸ”¥

(Via 
@realapp_
)",TheNBACentel
Shenseea courtside to watch Jordan Poole hoop tonight ğŸ”¥ğŸ€,TheNBACentel
"Klay Thompson arrived early for his Mavs debut with his four championship rings. ğŸ”¥
",TheNBACentel
"â€œI started saying â€˜thatâ€™s gangâ€™ when my delivery driver used to give me extra sauce packets for free.â€

- LaMelo Ball 

(Via 
@ESPMNBA
)",TheNBACentel
"An anonymous NBA player shows his routine for using the locker room restroom.

(Via 
@TMZ_Sports
)",TheNBACentel
"Report: LeBron walked in on Bronny trying to dunk on a mini hoop.

(Via 
@YahooSports
)",TheNBACentel
"The NBA launched an investigation into the 76ers, with penalties for making fans pay to watch Andre Drummond start the home opener.

(Via 
@WindhostESPN
)",TheNBACentel
"NBA conducts drug test on Ben Simmons following 6 point outburst.

ğŸ˜³

(Via 
@SharmsCharania
)",TheNBACentel
"James Harden comments on his missed game tying free throw:

â€œI was humming â€˜Thick of Itâ€™ by KSI, and it had me so zoned out.â€ 

(Via 
@ChrisBHayne
)",TheNBACentel
"Kevin Durant Rejects Actor Lamorne Morris' Jersey Request:

â€œI canâ€™t hand this over. Iâ€™m collecting jerseys for my future wife, so this oneâ€™s off-limits.â€ 

(Via 
@TMZ_Sports
)",TheNBACentel
Draymond Greenâ€™s got his vote in: LeBron for president ğŸ‘‘,TheNBACentel
"Jimmy Butlerâ€™s keycard to the Heatâ€™ training facility has been temporarily deactivated for â€œroutine maintenance.â€

(Via 
@ScoopB
)",TheNBACentel
KD & Harden deciding which balls to hoop with tonight. ğŸ˜‚,TheNBACentel
Nic Claxton has been ejaculated for a flagrant 2 on this play. ğŸ˜³,TheNBACentel
Jimmy Buckets is BACK. ğŸ”¥,TheNBACentel
"JALEN GREEN WITH THE POSTER

WOW. ğŸ”¥",TheNBACentel
Taurean Prince after leaving Lakers. ğŸ˜³,TheNBACentel
"BENNEDICT MATHURIN CROSSOVER OF THE YEAR. ğŸ¤¯ğŸ”¥
",TheNBACentel
Dick penetrates and finishes at the hole ğŸ”¥,TheNBACentel
LONZO IS BACK ğŸ”¥ğŸ”¥ğŸ”¥,TheNBACentel
Tyler Herro with the ankle breaker ğŸ˜³,TheNBACentel
Darius Garland nothing but NET. ğŸ”¥,TheNBACentel
BEN SIMMONS WITH THE LEFT HAND JAM. ğŸ”¥,TheNBACentel
Tyrese Haliburton FIRST QUARTER. ğŸ”¥,TheNBACentel
"The Miami Heat open up their season with no fans in attendance, per usual.",TheNBACentel
Julius Randle was HOOPING last night. ğŸ”¥,TheNBACentel
"Anthony Edwards was reportedly trash talking Bronny last night: 

â€˜You ainâ€™t gotta shower after the game boy, you good.â€™

(Via 
@NBAonTNT
)",TheNBACentel
Kawhi Leonard spotted putting a durag on Tyler Herro ğŸ˜‚,TheNBACentel
"Knicks announced Mikal Bridges has been banned from all shooting ranges in New York.

(Via 
@ESPMNBA
)",TheNBACentel
"Bronny sitting out in the 2nd half after accidentally calling LeBron â€˜daddyâ€™ while asking for a screen.

(Via 
@ChrisBHayne
)",TheNBACentel
"Jayson Tatum is reportedly willing to make a $200 million bid for a WNBA franchise in St. Louis, per 
@Essence
 

â€œBoston Celtics superstar Jayson Tatum is proving that securing your bag means lifting up your entire community. Fresh from securing the NBAâ€™s largest contract in history, Tatum has reportedly set his sights on a $200 million bid to bring a WNBA franchise to St. Louis â€“ a decision that could reshape the landscape of womenâ€™s professional basketball in the Midwest.â€

(Via http://bit.ly/4fHybXE)\",TheDunkCentral
Joel Embiid plays basketball today ğŸ”¥,TheDunkCentral
"Chandler Parsons doesnâ€™t think LaMelo Ball is a big name 

""You put him on the Clippers, in a big market, we're talking about a whole different player...The average person doesn't know who LaMelo Ball is because the Charlotte Hornets are historically bad.""

(h/t 
@HornetsReddit
 )",TheDunkCentral
"Norman Powell over his last 10 games: 

31 PTS - 4 AST - 67% FG
24 PTS - 3 REB - 3 AST
31 PTS - 12 REB - 2 AST
26 PTS - 6 AST - 6 3PM
23 PTS -3 AST - 3 STL
24 PTS - 2 REB - 2 AST
23 PTS - 2 REB - 2 AST
30 PTS - 5 REB - 2 AST
20 PTS - 1 REB - 1 BLK
37 PTS - 7 3PM - 67% FG

(Via 
@realapp_
 )",TheDunkCentral
"SHAI GILGEOUS-ALEXANDER TONIGHT:

45 POINTS
9 ASSISTS 
5 STEALS
2 BLOCKS
13/21 FG
4/8 3PT
15/16 FT

(Via 
@realapp_
 )
",TheDunkCentral
"Victor Wembanyamaâ€™s last 2 games: 

34 PTS - 14 REB - 6 3PM
24 PTS - 16 REB - 7 BLK

(Via 
@realapp_
 )",TheDunkCentral
The Cavs are 12-0 ğŸ”¥,TheDunkCentral
"Ben Simmons is going off ğŸ”¥ 10 assists in the first half ğŸ‘€

(Via 
@realapp_
 )",TheDunkCentral
"OKCâ€™s starting lineup tonight: 

Shai Gilgeous-Alexander (6â€™6)
Isaiah Joe (6â€™3)
Aaron Wiggins (6â€™5)
Lu Dort (6â€™4)
Jalen Williams (6â€™5)

(Via 
@Underdog__NBA
 )",TheDunkCentral
"Lonnie Walker got his groove back overseas ğŸ”¥

(ğŸ¥ 
@swishcultures_
)",TheDunkCentral
"Karl-Anthony Towns is allowing opponents to shoot 32/35 (91.4%) in the restricted area ğŸ˜³, per 
@TimBontemps
 

(h/t 
@TheKnicksRecap
 )",TheDunkCentral
"Nikola Jokic this season: 

29.7 PPG (4th in the NBA)
13.7 RPG (1st in the NBA)
11.7 APG (1st in the NBA)
56.3% FG
56.4% 3PT
84.3% FT 
66.7% TS

Words canâ€™t describe how good this man is at basketball ğŸ¤¯

(Via 
@realapp_
 )",TheDunkCentral
"The Pelicans are bracing for Zion Williamson to be out 4-6 weeks, per 
@ShamsCharania
 

(h/t 
@PelsFilmRoom
 )",TheDunkCentral
"Bill Simmons says the Brooklyn Nets are the best option for Giannis ğŸ‘€

(ğŸ¥ 
@ringer
 )",TheDunkCentral
"Tyler Herro this season: 

23.2 PPG 
5.2 RPG
5.0 APG
50.7% FG
45.6% 3PT
81.8% FT 

Averaging a career high in points, assists, field goal percentage and 3-point percentage ğŸ”¥",TheDunkCentral
"Michelle Beadle addresses comments regarding her use of the N-word

â€œI sped through a nuggets question. And my vowels got all f*cked.  Then those two turds lost it.  And we laughed through the entire Denver segment.  And will probably do so now for the rest of the season. I imagine an edited version is going around. Not showing the real time viewing. And making it seem like an actual n word and no response. Which I canâ€™t control!â€

(Via 
@ScoopB
 )
",TheDunkCentral
"Is Giannis the best player in the league ? 

(Via 
@realapp_
 )",TheDunkCentral
"The Greek Freak is on a mission 

(Via 
@realapp_
 )",TheDunkCentral
"Brian Windhorst says the NBA media is not in a good place

 â€œNBA media right now, weâ€™re not in a great place. Because I think weâ€™re devaluing things â€¦ that help build the league up. Like one of the things [is] storytelling. Everything is too short right now. People are too focused on tweets, too focused on guys getting crossed-over, guys getting dunked on, guys getting embarrassed, social media posts. Not as much on storytelling, learning about players and learning their backgrounds, what I call chronicling the season.â€

(Via http://bit.ly/4hHQWvJ)",TheDunkCentral
"Ant through 3 quarters:

37 points 
6 rebounds 
9 3PM

(Via 
@realapp_
 )",TheDunkCentral
"Jayson Tatum over his last 6 games: 

33 PTS - 9 REB - 6 AST
32 PTS - 4 REB - 2 AST
28 PTS - 9 AST - 6 3PM
29 PTS - 7 REB - 3 AST
32 PTS - 11 REB - 3 AST
37 PTS - 8 REB - 4 AST
 
MVP? ğŸ‘€

(Via 
@realapp_
 )",TheDunkCentral
The Phoenix Suns are now 8-1 on the season ğŸ”¥,TheDunkCentral
"The Milwaukee Bucks are falling to 2-7 on the season 

Should Doc Rivers be on the hot seat?",TheDunkCentral
The Lakers are bringing Dâ€™Angelo Russell off the bench tonight,TheDunkCentral
Rough times in New Orleans,TheDunkCentral
"Safe to say Cleveland is LEGIT ğŸ˜³

(Via 
@realapp_
 )",TheDunkCentral
"â€œLast year, Jalen Brunson was, in my eyes, the best player in the Eastern Conference. This year, heâ€™s not even top 15.â€

- Kendrick Perkins 

(Via 
@ESPNNBA
 / h/t 
@NBA_NewYork
 )",TheDunkCentral
"The Bucks are having no luck on the trade market, per 
@WindhorstESPN
 

""I don't think help is on the way through the trade market. ... They called pretty much the whole league.""

(ğŸ¥ 
@ESPNNBA
 )
",TheDunkCentral
"Is it time to start worrying about Scoot Henderson ? 

(Via 
@realapp_
 )",TheDunkCentral
"The Miami Heat are â€˜intrigued byâ€™  Giannis Antetokounmpo, Anthony Edwards and Deâ€™Aaron Fox, per 
@BrettSiegelNBA
 

â€œGoing after the best of the best is always the name of the game for the Heat, which is why nobody should be surprised to see Anthony Edwards, Giannis Antetokounmpo, and De'Aaron Fox be some of the names that this organization is intrigued by,â€

(Via http://bit.ly/4fftFj6)",TheDunkCentral
"Gilbert Arenas says the current OKC team is better than the 2012 OKC team with KD, Russ, and Harden.

â€œThis is a better team than the 2012 team... If [The Thunder] don't win a championship in the next 6 years, thatâ€™s a problem.â€

(ğŸ¥ 
@GilsArenaShow
 )",TheDunkCentral
"Stephen Curryâ€™s return was the most-watched NBA game in the past two weeks, per 
@paulsen_smw
 

â€œOne of the simplest cures for the NBAâ€™s early season ratings slump is having Stephen Curry in the lineup. Wednesdayâ€™s Warriors-Celtics NBA regular season game averaged a 1.2 rating and 2.14 million viewers on ESPN, marking the most-watched NBA game in the two weeks since Opening Night and an increase of 30% from Spurs-Knicks in the same window last year (1.65M).â€

(Via http://bit.ly/3ABItJP)",TheDunkCentral
"â€œA couple of teams could use me right about now.â€ 

- Dion Waiters 

(Via 
@ScoopB
 )",TheDunkCentral
"Bronny James is set to make his G League debut for the South Bay Lakers on Saturday.

The game is sold out, but there are a few listings on 
@TickPick
.

The cheapest ticket is $189, making it the most expensive basketball game to attend this week ğŸ˜³
",TheDunkCentral
"The Milwaukee Bucks are eyeing a trade, per 
@WindhorstESPN
 

â€œThe speculation is true. The Bucks are indeed starting to canvas the league for a trade, league executives told ESPN. But no, not that trade. The concept of two-time MVP Giannis Antetokounmporeaching the trade market is ripe for rumors and trade machine computations, but it's not a reality as of now for Antetokounmpo or the Bucks, sources said. Teams have let the Bucks know in recent months they would make an offer for the Greek Freak if that day ever comes. But those are incoming calls, not outgoing and it's likely to remain that way.â€

(Via http://es.pn/4hBOqXV)",TheDunkCentral
"An anonymous NBA scout says Victor Wembanyama is not an impactful offensive player

""He's absolutely awesome on defense, and not impactful at all on offense. He just looks like he's playing without a whole lot of direction.""

(Via 
@TimBontemps
 )",TheDunkCentral
"http://NBA.comâ€™s MVP Ladder: 

1. Anthony Davis 
2. Jayson Tatum 
3. Nikola Jokic 
4. Shai Gilgeous-Alexander
5. Donovan Mitchell 
6. Kevin Durant 
7. Anthony Edwards 
8. Luka Doncic 
9. Giannis Antetokounmpo
10. Tyrese Maxey",TheDunkCentral
"Damian Lillard over his last 3 games: 

34 PTS - 4 REB - 7 AST
36 PTS - 2 REB - 7 AST
41 PTS - 9 AST - 10 3PM 

(Via 
@realapp_
 )",TheDunkCentral
"Lonnie Walker IV in his first EuroLeague game:

0 PTS
0/8 FG

(Via 
@BasketNews_com
 )",TheDunkCentral
"Shaq believes NBA viewership is down because everyone wants to shoot threes

(ğŸ¥ 
@bigpodwithshaq
 / http://tapthe.link/BigPodEp37)",TheDunkCentral
"""If you came to me and you told me I had a legitimate shot to win the presidency of the United States of America, I would definitely consider it.""

- Stephen A. Smith 

(h/t 
@awfulannouncing
 )",TheDunkCentral
"Nikola Jokic tonight 
23 PTS - 20 REB - 16 AST 

Russell Westbrook tonight: 
29 PTS - 6 REB - 67% FG

(Via 
@realapp_
 )",TheDunkCentral
"Russell Westbrook through 3 quarters ğŸ‘€

(Via 
@realapp_
 )",TheDunkCentral
"Jalen Johnson over his last 6 games: 

23 PTS - 15 REB - 7 AST
20 PTS - 11 REB - 4 AST
29 PTS - 9 REB - 8 AST
14 PTS - 5 REB - 9 AST
21 PTS - 17 REB - 4 AST
29 PTS - 12 REB - 7 AST

(Via 
@realapp_
 )",TheDunkCentral
ğŸš¨ CLEVELAND CAVALIERS: 9-0 ğŸš¨,TheDunkCentral
"LEBRON JAMES TONIGHT: 

39 POINTS 
7 REBOUNDS 
6 ASSISTS 
6 3PM 

(Via 
@realapp_
 )",TheDunkCentral
The Warriors are now 7-1 on the season ğŸ”¥,TheDunkCentral
"Zaccharie Risacher at halftime:

22 points
3 rebounds 
2 assists 
72% FG
5 3PM

#1 pick for a reason ğŸ”¥

(Via 
@realapp_
 )",TheDunkCentral
"Derrick White is going OFF 

12 points in 4 minutes ğŸ”¥

(Via 
@realapp_
 )",TheDunkCentral
"NBA viewership continues to decline, and the league has yet to find the next star capable of drawing numbers similar to Steph Curry, LeBron James, and Kevin Durant, per 
@FOS
 

â€œThe three stars showed their viewership pull when they teamed up with Team USA in the summer during the Paris Olympics. The gold medal game was the most-watched Olympic menâ€™s basketball game since 1996â€¦Young stars like Anthony Edwards and Devin Booker have yet to attract the same audience as the aforementioned trio, in part because of their lack of titles. Theyâ€™ve fallen behind international players like Nikola JokiÄ‡ and Giannis Antetokounmpo, who, despite their success, havenâ€™t been able to compel U.S. viewers quite like James, Curry, and Durant.â€ 

(Via http://bit.ly/3UH8Xk2)",TheDunkCentral
"""Letâ€™s make American great again and beat the Celtics tonight.""

- Steve Kerrâ€™s message to his team 

(Via 
@RealBobManning
 )",TheDunkCentral
"Marcus Hayes will continue covering the Philadelphia 76ers following the Joel Embiid incident, per 
@TMZ_Sports",TheDunkCentral
"Cedric Maxwell defends Steve Kerr for benching Jayson Tatum during the Olympics.

â€œSteve Kerrs job is to win an Olympic gold medal, not make friends, and he did his job. Jayson Tatum wasn't playing well & I don't think [Kerr] deserved all that.â€

(Via 
@957thegame
 )",TheDunkCentral
"The Clippers were willing to accept a package of Andrew Wiggins, either Jonathan Kuminga or Brandin Podziemski, and one or two picks for Paul George, per 
@NotoriousOHM
 

â€œThe Clippers were willing to make a deal with their division rival, according to sources, but were looking for something of value to help restock their asset cupboard if they were going to take back an undesirable contract and be in the second apron. Swapping George for Andrew Wiggins, who has three years and $85 million left on a four-year, $109 million deal, plus other salaries to make the math work, would have been acceptable only if the Clippers received a young player such as Jonathan Kuminga or Brandin Podziemski and a pick or two.â€ 

(Via http://es.pn/3YY4Kes)",TheDunkCentral
"Pat Bev says heâ€™s considering a return to the NBA after a few teams reached out to him

He also says he feels â€˜abandonedâ€™ after his teammate left the team due to feeling unsafe

(ğŸ¥ 
@PatBevPod
 )",TheDunkCentral
"Lou Will says KAT is more skilled than Nikola Jokic

â€œKarl-Anthony Towns is more skilled, but Nikola Jokic is more impactful.â€ 

(Via 
@RunItBackFDTV
 )
",TheDunkCentral
"The Pacers are looking at Javale McGee, per 
@KevinOConnorNBA
 

(h/t 
@_TradeDeadline
 )",TheDunkCentral
"""The most athletic person I've seen."" ğŸ‘€

- Kevin Durant on Ja Morant 

(ğŸ¥ 
@UpAndAdamsShow
 / h/t 
@ClutchPoints
 )",TheDunkCentral
"Rookie leading scorers: 

Zach Edey - 11.1
Carlton Carrington - 10.3
Alexandre Sarr - 9.8
Jaylen Wells - 9.8
Zaccharie Risacher - 9.4
Tristan da Silva - 8.3
Kyshawn George - 7.7
Pelle Larsson - 7.3
Dalton Knecht - 7.3
Jared McCain - 7.0",TheDunkCentral
"Shai Gilgeous-Alexander is the favorite to win MVP, per 
@BovadaOfficial
 

Shai Gilgeous-Alexander +225
Luka Doncic +260
Jayson Tatum +400
Anthony Edwards +750
Nikola Jokic +750
Anthony Davis +800
Giannis Antetokounmpo +2800
Jalen Brunson +3300
Kevin Durant +4000
Donovan Mitchell +5000
Victor Wembanyama +5000
Ja Morant +5500
Devin Booker +7000
LaMelo Ball +8000
Jaylen Brown +10000
LeBron James +10000
Zion Williamson +10000
Domantas Sabonis +12500
Stephen Curry +12500
Tyrese Haliburton +15000
Karl-Anthony Towns +20000
Trae Young +20000
Joel Embiid +22500
Damian Lillard +30000
Deâ€™Aaron Fox +35000
Jimmy Butler +45000

(Via http://bit.ly/3z55dB9)",TheDunkCentral
"Donald Trump says that professional sports leagues in America have set â€œimpossibleâ€ ticket prices for fans and that he plans to â€œwork onâ€ addressing the issue.

â€œThe leagues are not taking care of their fans. They really arenâ€™t. Theyâ€™re making it impossible.â€

(Via SiriusXMâ€™s Letâ€™s Go! podcast / h/t http://bit.ly/4hy5Kgr)
",TheDunkCentral
"Khris Middleton is still out indefinitely, per 
@ShamsCharania
 

""He has yet to be cleared for 5 on 5 scrimmaging. Team officials have recognized that this is taking much longer than they anticipated"" ğŸ˜¬

(h/t @ohnohedidnt24 )",TheDunkCentral
"The Clippers will give Paul George a tribute video tomorrow ğŸ‘€

(h/t @ohnohedidnt24)",TheDunkCentral
"Kendrick Perkins calls out Brian Scalabrine for thinking heâ€™s banned from the Celtics organization

â€œWho the f*** are you? Youâ€™re the same motherf***er that, when we won a championship, was in street clothes, hurried up and changed into your jersey. So, once we started taking pictures, you could know that you were part of the team.â€ğŸ˜³

(Via 
@allthesmokeprod
 )
",TheDunkCentral
"Lou Will says Darius Garland and Donovan Mitchell are the best duo in the NBA ğŸ‘€

(Via 
@RunItBackFDTV
 )",TheDunkCentral
"Leading scorers in the NBA: 

1.Anthony Davis - 32.6 PTS
2.Giannis Antetokounmpo - 31.0 PTS
3.Tyrese Maxey - 30.2 PTS
4.Jayson Tatum - 30.0 PTS
5.Nikola JokiÄ‡ - 29.6 PTS
6.Paolo Banchero - 29.0 PTS
7.Luka DonÄiÄ‡ - 28.9 PTS
8.LaMelo Ball - 28.6 PTS
9.Damian Lillard - 27.6 PTS
10.Anthony Edwards - 27.3 PTS
11.Kevin Durant - 27.1 PTS
12.RJ Barrett - 26.2 PTS

(Via 
@nbastats
 )",TheDunkCentral
"Payton Pritchard is the new favorite to win 6th Man of the Year, per 
@BovadaOfficial
 

Payton Pritchard +400
Buddy Hield +550
Malik Monk +700
Bennedict Mathurin +750
Tre Mann +850
Naz Reid +1000
Miles McBride +1100
Dereck Lively II +1500
Bobby Portis +2000
Caris LeVert +2200
Donte DiVincenzo +2500
Jaime Jaquez Jr. +2500
Jordan Clarkson +2500
Jordan Hawkins +2500
Amen Thompson +3500
Julian Strawther +3500
Grayson Allen +4000
Trey Murphy +4000
Brandin Podziemski +6000
Cam Whitmore +6000
Cole Anthony +6000
Grayson Allen +6000
Russell Westbrook +7500
Santi Aldama +7500
Ayo Dosunmu +10000
Jaden Hardy +10000
Reed Sheppard +10000

(Via http://bit.ly/3z55dB9)",TheDunkCentral
"Russ ğŸ‘€ğŸ‘€ğŸ‘€

(Via 
@realapp_
 )",TheDunkCentral
"AD this season: 

37 PTS - 9 REB - 4 AST 
38 PTS - 11 REB - 70% FG 
22 PTS - 13 REB - 2 AST
29 PTS - 15 REB - 3 AST
31 PTS - 9 REB - 67% FG
35 PTS - 8 REB - 4 AST
36 PTS - 16 REB - 4 AST 

(Via 
@realapp_
 )",TheDunkCentral
"Jordan Poole vs Draymond Green didnâ€™t disappoint 

(Via 
@realapp_
 )
",TheDunkCentral
"Darius Garland tonight:

39 Points
8 Assists
7 3PM

The Cavs are 8-0ğŸ”¥

(Via 
@realapp_
 )",TheDunkCentral
Bucks fall to 1-6,TheDunkCentral
"Dame is going crazy ğŸ”¥

(Via 
@realapp_
 )",TheDunkCentral
"Detroit ğŸ‘€

(Via 
@realapp_
 )",TheDunkCentral
"â€œThe only places I can see him going are Miami or [the] LA [Clippers].â€

- Anonymous NBA executive on Giannis Antetokounmpo

(Via 
@AdamZagoria
 )",TheDunkCentral
"Jayson Tatum says the Lakers had zero interest in drafting him 

â€œThey never came to watch me work out.â€ 

(ğŸ¥ 
@club520podcast
 / h/t 
@wellssssssssss
 )",TheDunkCentral
"The Miami Heat are the favorites to land Giannis Antetokounmpo if Milwaukee decides to trade him, per 
@BovadaOfficial
 

Miami Heat +150
Brooklyn Nets +210
Houston Rockets +400
San Antonio Spurs +600
Memphis Grizzlies +600

(Via http://tinyurl.com/2024NBAFuturesOdds)",TheDunkCentral
"4th quarter leading scorers: 

Cam Thomas - 77
LaMelo Ball - 57
Devin Booker - 53
Luka DonÄiÄ‡ - 53
Trae Young - 51
Jaylen Brown - 48
DeMar DeRozan - 47
Giannis Antetokounmpo - 47
Jalen Green - 47
Nikola JokiÄ‡ - 46",TheDunkCentral
"Ben Simmons this season: 

4 PTS - 6 REB - 6 AST
8 PTS - 8 REB - 11 AST
8 PTS - 5 REB - 3 AST
2 PTS - 6 REB - 6 AST
7 PTS - 6 REB - 3 AST
6 PTS - 5 REB - 8 AST

(Via 
@realapp_
 )",TheDunkCentral
"Kevin Durant calls out Stephen A. Smith 

â€œIâ€™ve never seen him anywhere but on TV talking sâ€” about players. â€¦ Heâ€™s a clown to me. Heâ€™s always been a clown. You can write that, too.â€ ğŸ˜³

(Via 
@TheAthleticNBA
 )",TheDunkCentral
"Buddy Hield over his last 3 games: 

27 PTS - 7 REB - 6 3PM
21 PTS - 2 REB - 3 AST
28 PTS - 2 REB - 7 3PM

(Via 
@realapp_
 )",TheDunkCentral
"Domantas Sabonis this season: 

17 PTS - 20 REB - 10 AST
15 PTS - 14 REB - 6 AST
28 PTS - 11 REB - 72% FG
16 PTS - 13 REB - 7 AST
29 PTS - 12 REB - 10 AST
24 PTS - 8 REB - 2 STL

(Via 
@realapp_
 )
",TheDunkCentral
"Gradey Dick over his last 3 games:

22 PTS - 5 REB - 2 AST
31 PTS - 7 REB - 3 AST
30 PTS - 2 REB - 3 STL

(Via 
@realapp_
 )",TheDunkCentral
"RJ Barrett over his last 3 games: 

31 PTS - 9 REB - 6 AST
33 PTS - 5 REB - 12 AST
31 PTS - 4 REB - 8 AST

Itâ€™s time to pay attention ğŸ”¥

(Via 
@realapp_
 )",TheDunkCentral
"How are the Bucks 1-5 with this duo? 

(Via 
@realapp_
 )
",TheDunkCentral
"DONOVAN MITCHELL OMG
",TheDunkCentral
ITS DAME TIME,TheDunkCentral
"LaMelo Ball this season: 

36 PTS - 6 AST - 6 3PM
31 PTS - 2 REB - 4 AST
19 PTS - 3 REB - 6 AST
27 PTS - 8 REB - 7 AST
34 PTS - 5 REB - 9 3PM
34 PTS - 8 REB - 11 AST 

(Via 
@realapp_
 )",TheDunkCentral
"Is Nikola Vucevic starting to become underrated ? ğŸ‘€

(Via 
@realapp_
 )",TheDunkCentral
"Draymond Green promises to show the real version of him this season 

""[Last season] I didn't play well, didn't act well, and I want to show the real me, I want to show the real growth"" 

(Via 
@957thegame
)
",TheDunkCentral
"Leaders in assist points created: 

Trae Young - 178
James Harden - 139
Nikola Jokic - 128
Dennis Schroder - 127
Ja Morant - 123
Tyrese Haliburton - 119
Cade Cunningham - 117
LeBron James - 101
Josh Giddey - 94
Scotty Pippen Jr. - 94

(Via 
@NBAstats
)",TheDunkCentral
"Is Cam Thomas an All-Star if he keeps this up? ğŸ‘€

(Via 
@realapp_
 )",TheDunkCentral
"â€œA Doc Rivers team is a beatable team. I donâ€™t give a f*ck how much talent they got.â€ ğŸ˜¬

- Baron Davis 

(Via 
@DraymondShow
)",TheDunkCentral
"Tyus Jones turned down larger offers from teams like the Pistons and the Wizards to join Phoenix instead, per 
@ramonashelburne
 

â€œIn any other year, Jones would've been paid handsomely as the top point guard on the free agent market with a reputation as a mature leader. And indeed, Jones did weigh more lucrative interest from the Wizards, Detroit Pistons, San Antonio Spurs and Brooklyn Nets, league sources said, with offers ranging from $8 million to $12 million annually.â€

(Via http://es.pn/4ebGfi7)",TheDunkCentral
"â€œI would say the Greek is a seriously good player. And tell me, who has more Greek in him, the Greek or me? I think we have about the same.â€

- Donald Trump on Giannis Antetokounmpo

(Via 
@Eurohoopsnet
 )
",TheDunkCentral
"â€œIâ€™ve done way too much for this city, putting myself at risk, for people to be saying that. So I do think itâ€™s bullish!t,â€ 

- Joel Embiid on fans criticizing him for not playing 

(Via Philadelphia Inquirer )",TheDunkCentral
"Is AD LeBronâ€™s greatest teammate ever?

(Via 
@realapp_
 )",TheDunkCentral
"â€œHe will never be a all-star caliber player in the regular seasonâ€

- Kendrick Perkins on Jamal Murray ğŸ˜³

(ğŸ¥ 
@WatchPlayback
 )",TheDunkCentral
"Michael Porter Jr. admits that this could be the last dance for the Nuggetsâ€™ core

""If we don't win it this year. We all know they might have to break it up.""

(Via 
@ramonashelburne
 )",TheDunkCentral
"The Denver Nuggets reportedly refused to include the names of Christian Braun, Julian Strawther, and Peyton Watson in trade talks for Paul George, per 
@ramonashelburne
 

â€œLeague sources said the Nuggets inquired about Paul George this offseason, but talks never escalated because Denver refused to discuss Braun, Watson or Strawther, and the Clippers weren't interested in solely taking back future salary -- likely the $147 million owed to Porter and Zeke Nnaji.â€

(Via http://es.pn/4e774UJ)",TheDunkCentral
"Skip Bayless says ESPN got upset with him for saying he wouldnâ€™t draft American white centers like Meyers Leonard in the lottery

â€œ I got a call from ESPN PR. The PR woman was very upset with me, and she asked, â€˜Why did you have to bring up race?â€™ And I explained how, over the previous 20-or-so years, white American centers had been bad Lottery picks; I gave her the facts. She said, â€˜Well, you couldâ€™ve made that point without bringing up race.â€™ I said, â€˜No, in this case, race is the point.'â€

(Via http://bit.ly/3UWn2ub)",TheDunkCentral
"Draymond Greenâ€™s technical foul odds, per 
@BovadaOfficial
: 

10 or more: -300
Less than 10: +200

(Via http://tinyurl.com/DraymondTechs)",TheDunkCentral
"Ben Simmons wants to play in the next Olympics 

â€œUltimately, itâ€™s my dreamâ€¦ I want to put on that green and gold and representâ€¦ My goal is to play in the next Olympics.â€

(Via Code Sports / h/t 
@NBL
 )",TheDunkCentral
"Odds on the next Bucks head coach if Doc Rivers is fired: 

Terry Stotts +275
Monty Williams +300
Mike Dâ€™Antoni +500
Mark Jackson +500
Frank Vogel +900
Kenny Atkinson +950
Steve Nash +1500

(Via 
@BovadaOfficial
 / http://tinyurl.com/2024NBAFuturesOdds)",TheDunkCentral
"â€œIâ€™m going to have less than 10 technical fouls this year.â€ 

- Draymond Green 

(Via 
@DraymondShow
 )",TheDunkCentral
"Kenny Lofton Jr in his Shanghai Sharks debut ğŸ”¥

(ğŸ¥ 
@SeeRedUK
 )",TheDunkCentral
"2nd career 5x5 game for Wemby ğŸ”¥

(Via 
@realapp_
)
",TheDunkCentral
"Giannis is putting together another MVP season ğŸ”¥

(Via 
@realapp_
 )",TheDunkCentral
"The Bucks are falling to 1-4 on the season ğŸ˜¬
",TheDunkCentral
"Damian Lillard currently:

2 points 
1/9 FG
0/3 3PT
-31

Bucks down 22 ğŸ˜¬

(Via 
@realapp_
 )",TheDunkCentral
"Kiyan Anthony admits he still gets starstruck when he sees LeBron James

â€œSome people just got aura.â€ 

(ğŸ¥ 
@angelreeseshow
 / http://tapthe.link/AngelEp9)",TheDunkCentral
LeBron James endorses Kamala Harris for President,TheDunkCentral
"Brooklynâ€™s backcourt has been elite this season ğŸ‘€ğŸ”¥

(Via 
@realapp_
 )",TheDunkCentral
"Gilbert Arenas believes that Klay Thompson would have earned up to $40M per season if his name werenâ€™t Klay Thompson

â€œI feel bad for Klay...If you take his name off of his stats, everybody is lining up... $30-$40 million per year.â€

(ğŸ¥ 
@GilsArenaShow
)",TheDunkCentral
"""I highly highly doubt I get a statue of me put anywhere for playing basketball... It's usually those guys that got the HOF career, with championships, you been with one city for a long time. That's not the case for me."" 

- KD 

(ğŸ¥ 
@UpAndAdamsShow
 )",TheDunkCentral
"Draymond Green calls out OKCâ€™s postgame tradition 

â€œThe one thing I see about the OKC team thatâ€™s alarming to me is their postgame. Seven guys in the interview. Thereâ€™s a certain seriousness it takes to win in this league. And thereâ€™s a certain fear you have to instill in teams in order to win. I just donâ€™t know if theyâ€™re instilling that fear in teams with all the bromance and stuff after the game.â€

(h/t 
@CAlmanza1007
 )",TheDunkCentral
"â€œI spent all summer listening to people talk about Chet and Wemby and what theyâ€™re doing defensively. Donâ€™t forget about Dray.â€

- Draymond Green 

(Via 
@anthonyVslater
 )",TheDunkCentral
"Giannis Antetokounmpoâ€™s preferred trade destinations could be the Miami Heat or Brooklyn Nets, per 
@sportsreiter
 

â€œA third executive for an Eastern Conference team said they have heard Antetokounmpo's preferred trade destinations would be the Miami Heat or the Brooklyn Nets.â€ 

(Via http://bit.ly/3NRBHCA)\",TheDunkCentral
"Giannis Antetokounmpo could force his way out of Milwaukee, per 
@sportsreiter
 

""There's a rising sense of confidence that if things go badly in Milwaukee that Giannis could be available for trade, would really force his way out of Milwaukee, in the next year.""

(Via 
@CBSSports
 )",TheDunkCentral
"â€œI've been playing like dogshit.â€ 

- Cole Anthony 

(Via 
@mvsonwilliams
 )",TheDunkCentral
"Deflection leaders in the NBA:

Dyson Daniels - 29
Cason Wallace - 20
Alex Caruso - 17
Anthony Davis - 17
Javonte Green - 17
Donovan Mitchell - 16
Jalen Suggs - 16
Jonathan Mogbo - 16
Marcus Smart - 16
Nikola Jokic - 16
Brandin Podziemski - 15
Derrick Jones Jr. - 15
Fred VanVleet - 15
Gary Payton II - 15
Jimmy Butler - 15

(Via 
@nbastats
 )",TheDunkCentral
"Ant dressed up as Mr. Incredible ğŸ”¥ğŸ˜‚

(h/t 
@AEMuse5
 / 
@overtime
 )",TheDunkCentral
"Jayson Tatum has been statistically the best player in the NBA so far this season ğŸ”¥

(Via 
@realapp_
 )",TheDunkCentral
"Gordon Hayward admits that Rudy Gobert has difficulty guarding the perimeter

â€œHe always had problems guarding around the perimeter and that was something anytime we played like a quick guard that can also shoot it was going to be tough for us. We had really tough times against Boston when they had IT (Isiah Thomas). We had really tough times against Kemba, we had really tough times against Dame. Guards that if he came out too far they go right around him, and if heâ€™s back at all theyâ€™re just shooting. Hayward made sure to reiterate that Gobert was still excellent overall on that end of the floor. So I think that would probably be his only critique as a defensive player is being able to guard the perimeter. Now I donâ€™t think heâ€™s bad at it, I think itâ€™s just those are world class elite level players, thatâ€™s just what they did was coming off pick and rolls, shooting.â€

(Via http://bit.ly/4fmJdBg)",TheDunkCentral
"KARL-ANTHONY TOWNS TONIGHT: 

44 POINTS 
12 REBOUNDS 
17/24 FG
4/5 3PT

THE BIG BODEGA ğŸ”¥",TheDunkCentral
"ğŸš¨ Bronnyâ€™s first career points ğŸš¨

(Via 
@realapp_
 )",TheDunkCentral
The Cavs are moving to 5-0 on the season ğŸ”¥,TheDunkCentral
The Cavs welcome Bronny James home,TheDunkCentral
"GG Jackson says players around the league told him to stop â€œmeat ridingâ€ after he claimed Victor Wembanyama will end up as the GOAT

â€œI'm looking 10-12 years from now when he's got 30 extra pounds and a nice goatee with a mustache.â€

(Via 
@RunItBackFDTV
 )
",TheDunkCentral
"Viewership in the NBA has been declining, per 
@awfulannouncing
: 

â€¢ ESPNâ€™s Opening Doubleheader:
â€¢Averaged 1.6 million viewers, down 42% from 2023â€™s debut with Victor Wembanyama.

â€¢ Bucks vs. 76ers: 1.71 million viewers (down from 2.55 million for Celtics vs. Knicks in 2023).

â€¢ Suns vs. Clippers: 1.52 million viewers, down 49% from last yearâ€™s comparable game.

â€¢ TNTâ€™s Thursday Game (Spurs vs. Mavericks): 1.45 million viewers, a 29% decrease from the previous yearâ€™s comparable game.

â€¢ ESPNâ€™s Friday Game (Pacers vs. Knicks): 830,000 viewers, fewer than a college football game on ESPN2

(Via http://bit.ly/4fl3Iye)",TheDunkCentral
"Dallas Mavericks: 26
Anthony Edwards: 24 

(Via 
@realapp_
 )",TheDunkCentral
"Klay Thompson broke the NBA three point record 6 years ago today!

Historical NBA data coming to 
@realapp_
 soon ğŸ‘€",TheDunkCentral
"The Lakers are favored to land Walker Kessler if Utah decides to trade him, per 
@BovadaOfficial
 

Los Angeles Lakers: +350
New Orleans Pelicans: +500
Orlando Magic: +800
Miami Heat: +1200
Memphis Grizzlies: +1400
Los Angeles Clippers: +1400
Milwaukee Bucks: +1600
Boston Celtics: +2000

(Via http://tinyurl.com/2024NBAFuturesOdds)
",TheDunkCentral
"Bronny James could play in the Lakers vs. Cavs game in Cleveland, per 
@AnthonyIrwinLA
 

â€œThe South Bay Lakers tip off their season Nov. 9, and sources confirm reports that Bronny will be there for that and spend the bulk of this season focusing on growing his game. Sources have indicated the likelihood is pretty high that he'll play alongside his father in Cleveland,â€

(Via http://bit.ly/3UqFf2B)",TheDunkCentral
"""I'm pretty sure he won't be the last one to get one."" ğŸ‘€

- Jimmy Butler on the Miami Heat giving Dwyane Wade a statue 

(ğŸ¥ 
@wcgoldberg
 )",TheDunkCentral
"LeBronâ€™s double digit streak is in danger ğŸ˜³

(Via 
@realapp_
 )",TheDunkCentral
"Jalen Green this season: 

36 PTS - 2 AST - 7 3PM
29 PTS - 6 REB - 5 AST
22 PTS - 6 REB - 4 AST
28 PTS - 2 REB - 0 AST

All-Star leap? ğŸ‘€

(Via 
@realapp_
 )",TheDunkCentral
"Zach LaVine this season:

30 PTS - 3 REB - 4 AST
22 PTS - 9 REB - 3 AST
25 PTS - 5 REB - 2 BLK
27 PTS - 5 REB - 3 AST

Healthy Zach is a BUCKET ğŸ”¥

(Via 
@realapp_
 )",TheDunkCentral
"NIKOLA JOKIC TONIGHT: 

40 POINTS 
10 REBOUNDS 
4 ASSISTS 
2 BLOCKS
66.7% FG",TheDunkCentral
"DARIUS GARLAND TONIGHT:

34 POINTS 
3 REBOUNDS 
3 ASSISTS 
2 STEALS
2 BLOCKS 
63% FG

Cavs 4-0 ğŸ”¥",TheDunkCentral
The Bucks are falling to 1-3 on the season and 18-22 in the Doc Rivers Era,TheDunkCentral
"Payton Pritchard is going off ğŸ˜³ 8 3PM

(Via 
@realapp_
 )
",TheDunkCentral
"PAOLO BANCHERO TONIGHT:

50 POINTS 
13 REBOUNDS 
9 ASSISTS 
2 BLOCKS
61.5% FG",TheDunkCentral
"Jalen Green at halftime: 

24 points 
8/10 FG
6/7 3PT
2/2 FT 

Only getting better ğŸ”¥

(Via 
@realapp_
 )",TheDunkCentral
"PAOLO BANCHERO 
IN THE ğŸš¨FIRST HALFğŸš¨:

37 POINTS 
7 REBOUNDS 
6 ASSISTS 
13/17 FG
",TheDunkCentral
"Paolo might go for 60 ğŸ˜³

(Via 
@realapp_
 )",TheDunkCentral
"Anthony Edwards says he wonâ€™t come to the Knicks because he doesnâ€™t want to be booed on off nights ğŸ˜‚ğŸ˜‚ğŸ˜‚

(ğŸ¥ 
@krispursiainen
 )",TheDunkCentral
"Dwyane Wade says Kevin Durant, LeBron James, and Steph Curry should be the next players to receive statues ğŸ‘€

(Via 
@IraHeatBeat
 )",TheDunkCentral
"Dwyane Wadeâ€™s statue artist, Omri Amrany, says no one could have done a better job.

â€œI couldnâ€™t have done better than that. I donâ€™t think anybody else could do better than that. It is what it is, and we will love it forever.â€

(Via 
@WillManso
 )",TheDunkCentral
"An NBA scout says the Nuggets should cut Russell Westbrook and believes he should retire

â€œThey need to cut Russ. He canâ€™t shoot. They have no spacing when heâ€™s on the court. Teams are literally daring him to shoot and just crowding Jokic in the paint. And when he drives to the rim, he gets so deep and out of position that he canâ€™t hit layups. Russ needs to retire. Heâ€™s not a good player anymore.â€
",TheDunkCentral
"JJ Redick is the favorite to win coach of the year, per 
@BovadaOfficial
 

JJ Redick +650
Jamahl Mosley +750
Joe Mazzulla +750
Taylor Jenkins +800
Mike Budenholzer +900
Tom Thibodeau +1000
Kenny Atkinson +1300
Ime Udoka +1500
Mark Daigneault +2000
Willie Green +2000
Gregg Popovich +2100
Chris Finch +2200
Erik Spoelstra +3000
J.B. Bickerstaff +3000
Mike Brown +3000
Nick Nurse +3000
Steve Kerr +3000
Tyronn Lue +3000
Jason Kidd +3500
Charles Lee +4000
Michael Malone +4000
Quin Snyder +4000
Rick Carlisle +4500
Doc Rivers +6000
Will Hardy +6000
Billy Donovan +10000
Chauncey Billups +10000
Darko Rajakovic +10000

(Via http://bit.ly/3z55dB9)",TheDunkCentral
"Bill Simmons calls Dwyane Wadeâ€™s statue the worst statue of all time 

â€œThe biggest loser of the day was Dwyane Wade who had the worst statue of all time. It looked like somebody who had emerged from a fire and lived. It was like Jim Carreyâ€™s [Fire Marshal Bill] sketch. Can you imagine having a statue look that bad of yourself being unveiled? What would you even say? â€˜Uh, thanks?â€™ Thereâ€™s never been a worse sports statue ever. I mean it got rightfully killed today.â€

(Via /bit.ly/3YH3z2S)
",TheDunkCentral
"Russell Westbrook so far this season: 

4.0 PPG
11.1% FG
11.1% 3PT
-37 (Team worst) 

(Via 
@nbastats
 )",TheDunkCentral
"Pat Riley says the Miami Heat might give Udonis Haslem a statue one day ğŸ‘€, per 
@5ReasonsSports",TheDunkCentral
"Paul Pierce texted Tony Allen about Dwyane Wadeâ€™s statue ğŸ˜…

(Via 
@paulpierce34
 )",TheDunkCentral
Having a street named after you is tough ğŸ”¥,TheDunkCentral
"The Lakers have shown interest in Walker Kessler, per 
@jovanbuha
 

(h/t 
@RealGM
 )",TheDunkCentral
"Ivica Zubac through 3 games: 

23 PTS - 17 REB - 6 AST
24 PTS - 15 REB - 4 AST
21 PTS - 9 REB - 3 AST

(Via 
@realapp_
 )",TheDunkCentral
"James Harden through 3 games :

23 PTS - 7 REB - 11 AST
23 PTS - 6 REB - 16 AST
29 PTS - 12 REB - 8 AST",TheDunkCentral
"Chet Holmgren so far this season: 

25 PTS - 9 REB - 6 BLK
21 PTS - 16 REB - 2 BLK
25 PTS - 14 REB - 4 BLK 

DPOY loading? ğŸ‘€

(Via 
@realapp_
 )",TheDunkCentral
"Shai Gilgeous-Alexander tonight: 

35 points 
11 rebounds 
9 assists 
3 steals 
3 blocks 
60.7% TS",TheDunkCentral
"Cam Thomas so far this season: 

32 PTS - 5 REB - 2 AST
24 PTS - 6 REB - 3 AST
36 PTS - 5 REB - 7 3PM

(Via 
@realapp_
 )",TheDunkCentral
"Kendrick Perkins believes he was more impactful defensively than Rudy Gobert during the playoffs

(ğŸ¥ 
@WatchPlayback
 )",TheDunkCentral
"TYRESE MAXEY TONIGHT: 

45 POINTS 
4 REBOUNDS 
4 ASSISTS 

(Via 
@realapp_
 )",TheDunkCentral
"Dwyane Wadeâ€™s statue ğŸ”¥

(Via 
@WillManso
 )",TheDunkCentral
"The Houston Rockets are a team to keep an eye on if Jimmy Butler becomes available, per 
@TheSteinLine
 

â€œThe Rockets are also increasingly mentioned by monitoring rivals as a team to watch should Miami ever reach a point that it chooses to explore its trade options with Jimmy Butler, who grew up some 30 miles away from Houston in Tomball, Texas.â€

(Via http://bit.ly/3NImoMI)",TheDunkCentral
"Tonight, Anthony Davis secured his first career win against Domantas Sabonis

The streak is over.",TheDunkCentral
JJ Redick is 3-0 ğŸ‘€,TheDunkCentral
"LEBRON JAMES TONIGHT:

32 POINTS 
14 REBOUNDS 
10 ASSISTS 
54% FG

REMINDER: Heâ€™s about to be 40 years old ğŸ¥¶

(Via 
@realapp_
 )",TheDunkCentral
"Jayson Tatumâ€™s first 3 games of the season ğŸ”¥

(Via 
@realapp_
)",TheDunkCentral
"Russell Westbrook tonight: 

0/8 FG
0/3 3PT 
4 Fouls
-13

(Via 
@realapp_
 )",TheDunkCentral
"Nikola Jokic tonight: 

41 points 
9 rebounds 
7 3PM

(Via 
@realapp_
 )
",TheDunkCentral
"Update on the Jayson Tatum revenge tour:

Pistons: 21
Tatum: 17 

(Via 
@realapp_
 )",TheDunkCentral
"AD been on a mission this season ğŸ”¥

(Via 
@realapp_
 )",TheDunkCentral
"Buddy is going crazy and itâ€™s only halftime ğŸ”¥

(Via 
@realapp_
 )",TheDunkCentral
"LaMeloâ€™s first two games of the season ğŸ”¥

(Via 
@realapp_
 )",TheDunkCentral
"Shaq calls out Joel Embiid for not playing in back-to-backs and calls him soft 

â€œYou donâ€™t get double-teamed, you donâ€™t get triple-teamed. All heâ€™s doing is pick and pop. Why are you tired?â€

(ğŸ¥ 
@bigpodwithshaq
 / http://tapthe.link/BigPodEp35)",TheDunkCentral
"Gilbert Arenas says Anthony Davis is a greater Lakers big man than Pau Gasol

â€œIf you donâ€™t have him over Gasol then something is wrong with you.â€ 

(ğŸ¥ 
@GilsArenaShow
 )",TheDunkCentral
"""We are not a good shooting team, except Mike and Jamal. All of us are kind of streaky, not streaky, but just average shooters.""

- Nikola Jokic on his teammates 

(ğŸ¥ 
@DNVR_Nuggets
 )",TheDunkCentral
"Shaq says the only thing thatâ€™s missing in the WNBA is more women dunking 

(ğŸ¥ 
@angelreeseshow
 / http://tapthe.link/AngelEp8)",TheDunkCentral
"â€œ[Murrayâ€™s] very easy to guard now.â€ 

- Anonymous NBA starter on Jamal Murray 

(Via True Hoop / h/t 
@TalkBasket
 )",TheDunkCentral
"Julius Randle is HOOPING 

(Via 
@realapp_
 )",TheDunkCentral
"KLAY THOMPSON TONIGHT: 

22 POINTS 
7 REBOUNDS 
3 STEALS 
6 3PM
54% FG
",TheDunkCentral
"Best duo in the NBA? 

(Via 
@realapp_
 )",TheDunkCentral
"""I can make a legitimate argument that Kawhi Leonard is the worst superstar in the history of any sport.""

- 
@stephenasmith
 

(Via 
@FirstTake
 )",TheDunkCentral
"30 PTS - 9 REB - 6 AST in the new kicks last night ğŸ¥¶

Tough ğŸ”¥ 
@Dame_Lillard
 
@adidasHoops",TheDunkCentral
"Dwight Howard goes off on Minnesota for extending Rudy Gobert 

â€œThey could have gave me $10 Millâ€

(ğŸ¥ 
@GilsArenaShow
 )",TheDunkCentral
"LaMelo is heathy 

Please remember how elite he is 

(Via 
@realapp_
 )",TheDunkCentral
"When are we gonna get Cade Cunningham some help? 

(Via 
@realapp_
 )",TheDunkCentral
"""Youâ€™ve been hurt for 2 years n***a."" 

- Anthony Edwards to Jarred Vanderbilt

(h/t 
@LeagueAlerts
 )",TheDunkCentral
"Victor Oladipo reveals that the Pacers never offered him $160M and claims his surgery wasnâ€™t done correctly

He also says Indiana knew his knee was messed up, which is why they traded him ğŸ˜¬

(ğŸ¥ 
@theOGsShow
 /  http://tapthe.link/OGsS2Ep1 )",TheDunkCentral
"Michelle Beadle calls Bronnyâ€™s moment with his father last night â€˜manufacturedâ€™

â€œIf this isn't manufactured, then I don't know what the word manufactured means. But, again, I am not impressed, and I thought this was so ridiculous.â€

(ğŸ¥ 
@RunItBackFDTV
)",TheDunkCentral
Cold ğŸ¥¶,TheDunkCentral
"Giannis Antetokounmpo says Jaylen Brown is the best player in the NBA

â€œI feel like the best player is the guy that wins the championship, wins it all, and is the best player on the team. So, the best player in the NBA, I would probably say Jaylen Brown.â€

(Via 
@ComplexSports
 / h/t 
@BasketNews_com
 )
",TheDunkCentral
"The new Unrivaled womenâ€™s basketball league is reportedly exploring a major â€œLionel Messi-likeâ€ deal to lure Caitlin Clark for its debut season, per 
@FOS",TheDunkCentral
Heâ€™s back tonight ğŸ”¥,TheDunkCentral
"ANTHONY DAVIS TONIGHT:

36 POINTS 
16 REBOUNDS 
4 ASSISTS 
3 BLOCKS",TheDunkCentral
"LiAngelo Ball goes off on Camâ€™ron 

â€œIâ€™ve never heard your name in no rap convosâ€¦you ainâ€™t in no top 10.â€ ğŸ˜³",TheDunkCentral
AD is taking this matchup vs Gobert personal ğŸ‘€,TheDunkCentral
LeBron James now has the most missed field goals in NBA history,TheDunkCentral
AD BLOCKS GOBERT,TheDunkCentral
"Today is a great day for the James family â¤ï¸

(ğŸ¥ 
@LoJoMedia
)",TheDunkCentral
"He turns 40 in 2 months ğŸ˜³

(ğŸ¥ 
@YourRAGEz
 )",TheDunkCentral
Bron coaching up Bronny ğŸ¥²,TheDunkCentral
"LEBRON AND BRONNY CHECK IN FOR THE FIRST TIME

(ğŸ¥ 
@mcten
 )",TheDunkCentral
"LeBron James Sr. 
Ken Griffey Sr. 
LeBron James Jr. 
Ken Griffey Jr.",TheDunkCentral
"LeBron and Bronny warming up ğŸ‘€ğŸ”¥

(ğŸ¥ 
@LADEig
)",TheDunkCentral
"Boston missed 10 straight 3s going for the record ğŸ˜­

(Via 
@realapp_
 )
",TheDunkCentral
"JAYSON TATUM TONIGHT: 

37 POINTS 
10 ASSISTS 
4 REBOUNDS 
14/18 FG 
8/11 3PT 
98% TS
+26

Woke up a monster ğŸ”¥",TheDunkCentral
"FaZe supporting Bronny ğŸ”¥

(ğŸ“¸ 
@BenGolliver
 )",TheDunkCentral
"32 points on 80% in 23 minutes is WILD
",TheDunkCentral
"ğŸš¨ Mikal Bridges 3ğŸš¨

(Via 
@realapp_
 )",TheDunkCentral
"Draymond Green blasts Kendrick Perkins for suggesting Kawhi Leonard should retire and says Perkins should have retired after averaging 2.5 points

â€œHis last three years in the NBA, nobody was pushing him into retirement, and everybody probably should have. The man averaged 2.5 points [per game] for three years straight and nobody was pushing you to retire.â€

(Via http://bit.ly/4hdi7yl)
",TheDunkCentral
"JJ Redick says the Lakers will figure out a way to get Bronny James into the game tonight, per 
@DarrenMHaynes",TheDunkCentral
For the haters,TheDunkCentral
"Jayson Tatum in the first half: 

25 points 
6 assists 
3 rebounds 
9/12 FG
6/9 3PT

(Via 
@realapp_
 )",TheDunkCentral
"This Mikal Bridges situation isâ€¦bizarre: 

0/5 FG
0/4 3PT 
-15

(Via 
@realapp_
 )
",TheDunkCentral
"New York Knicks: 17 points 

Jayson Tatum: 15 points 

Heâ€™s on a mission ğŸ”¥

(Via 
@realapp_
 )",TheDunkCentral
"Lakers honoring Jerry West tonight ğŸ™

(ğŸ“¸ 
@ArashMarkazi
 )",TheDunkCentral
"Bostonâ€™s broadcast takes a shot at the Lakers ğŸ˜…

(Via 
@NBCSCeltics
 )",TheDunkCentral
"Kai pulled up to the Celtics game like a boss ğŸ˜‚ğŸ”¥

(ğŸ“¸ 
@BobbyKrivitsky
 )",TheDunkCentral
"Pierce, Ray and KG reunited ğŸ’š",TheDunkCentral
"Closer look at Mikalâ€™s new shooting form ğŸ‘€

(ğŸ¥ 
@JaredWeissNBA
)",TheDunkCentral
Big Baby is on his way to prison,TheDunkCentral
"â€œIf I can, Iâ€™m trying to be here for my whole career. I ainâ€™t trying to go nowhere.â€

- Anthony Edwards on Minnesota 

(Via ESPN)",TheDunkCentral
"Jordan Poole says he doesnâ€™t have anything to prove 

â€œI know Iâ€™m nice.â€ 

(ğŸ¥ 
@chasedcsports
 / h/t 
@ChrisWCrouse
)",TheDunkCentral
"â€œLetâ€™s keep it real. Most teams are probably not going to want to help us.â€

- Steph Curry on the Warriorsâ€™ trade talks 

(Via 
@anthonyVslater
 )",TheDunkCentral
"The Warriors reportedly tried to trade for Karl-Anthony Towns, per 
@anthonyVslater
 

â€œIn the last couple of months, the Warriors and Minnesota Timberwolves had a conversation about Karl Anthony-Towns, league sources said, but it didnâ€™t go anywhere. The Timberwolves targeted a specific package from the New York Knicks that the Warriors didnâ€™t possess. Thereâ€™s no other obvious big name immediately available as the regular season arrives.â€

(Via http://nyti.ms/3NAUWQN)
",TheDunkCentral
"Kawhi Leonard explains why he chose to sign with the Clippers instead of Toronto or the Lakers:

â€œI just wanted to go to a franchise where I could try to help build a legacy,â€

(Via 
@GQSports
 )",TheDunkCentral
"â€œI told my wife youâ€™re going to be second in my life to my work. Itâ€™s rare that Iâ€™m going to sacrifice and miss a LeBron game. I chose to dedicate my life to this.â€

- Skip Bayless

(Via 
@PatBevPod
 )",TheDunkCentral
"Joel Embiid is out for the first week of the season, per 
@RealGM",TheDunkCentral
"How Dirk Nowitzki and Mark Cuban met ğŸ˜‚ğŸ™Œ 

â€œGame 7â€ on Amazon Prime. Watch now!
",TheDunkCentral
"Odds for Anthony Edwardsâ€™ next NFL team, per 
@BovadaOfficial
 : 

â€¢Atlanta Falcons: +1600
â€¢Minnesota Vikings: +2000
â€¢Dallas Cowboys: +2500
â€¢Kansas City Chiefs: +2800
â€¢Las Vegas Raiders: +2800
â€¢New York Jets: +3300
â€¢Jacksonville Jaguars: +4000
â€¢Miami Dolphins: +4000
â€¢Baltimore Ravens: +8000
â€¢Pittsburgh Steelers: +8000
â€¢Denver Broncos: +100000

(Via http://tinyurl.com/AntNFLTeam)",TheDunkCentral
"The Warriors had plans to acquire both Paul George AND Lauri Markkanen to form a Big 4, but Draymond Green says the Clippers and Danny Ainge were being difficult

â€œThe conversation was always about that possibility. You get both of those guys, you make a huge splash. But the Clippers werenâ€™t really willing to play ball. Then Danny Ainge was being Danny Ainge.â€

(Via http://nyti.ms/3NAUWQN)
",TheDunkCentral
"Brian Windhorst hints that Bronny James could play in the 2nd quarter tonight 

""I would expect, as long as the game is going okay, be in your seat at the start of the 2nd quarter."" ğŸ‘€

(h/t 
@ClutchPoints
 )
",TheDunkCentral
"For the first time in 11 years, LeBron James is no longer the highest annual earner in the NBA, having been surpassed by Stephen Curry, per 
@Sportico
",TheDunkCentral
"Dejounte Murray says he finally gets to play his natural position in New Orleans after being relegated to the corner in Atlanta.

""In Atlanta, I was in the corner and on the wings, and I made the best of it,"" Murray said. ""Here, they are allowing me to play my real position. Playing point guard. Keeping everything organized. And making dudes better. And doing what I do best.""

(Via 
@cclark_13
 / h/t 
@RealGM
 )
",TheDunkCentral
"Bronny James is expected to play tonight, per 
@ShamsCharania
 

""I'm told it's very likely, and the Lakers plan that LeBron James, Bronny James make history as the first father-son duo to be on the court at the same time, and likely to come early in the game as long as it's competitive and it's a flowing game as far as where the Lakers are at early on in that game. I think that's going to be very important. The Lakers want to allow this to happen during the flow of the game in a competitive environment.â€

(Via 
@SportsCenter
 / h/t 
@BleacherReport
 )",TheDunkCentral
"Paul George calls out a reporter in Washington that would stare at playersâ€™ private parts in the locker room 

â€œThere was an incident and there was even way back my time of being in the NBA where guys would talk about this situation. There was a reporter in Washington that would look at, stare at dudesâ€™ meat while theyâ€™re in calls or while theyâ€™re changing.â€ 

(Via 
@PodcastPShow
 )
",TheDunkCentral
Iconic ğŸ”¥,TheDunkCentral
ğŸ”¥ THE NBA IS BACK TONIGHT ğŸ”¥,TheDunkCentral
"â€œI think itâ€™s the best defensive team Iâ€™ve ever been on in my life.â€

- Terance Mann on the new look Clippers

(ğŸ¥ 
@joeylinn_
 )",TheDunkCentral
"Jonathan Kuminga believes he could have a star trajectory similar to Kawhi Leonard and Pascal Siakam, per 
@ShamsCharania
 

(h/t @ohnohedidnt24 )",TheDunkCentral
"Pat Bev says a couple of teams reached out to him, but heâ€™s happy in Israel because he gets to play his own game

â€œI donâ€™t have to go out there and shoot my load fast.â€

(ğŸ¥ 
@PatBevPod
 )",TheDunkCentral
"Gilbert Arenas believes he would have averaged more than Allen Iverson on the 2001 Sixers team if they had swapped places

(ğŸ¥ 
@GilsArenaShow
 )",TheDunkCentral
"Odds for the next player to appear at a WWE event:

Draymond Green +250
Dillon Brooks +300
Luka Doncic +500
DeMar DeRozan +650
Jimmy Butler +800
Giannis Antetokounmpo +1000
LeBron James +1400
James Harden +1600
Kevin Durant +1800
Tyrese Haliburton +2000
Ja Morant +2500
Isaiah Stewart +3000
Rudy Gobert +4000
Damian Lillard +5000
Victor Wembanyama +8000

(Via http://tinyurl.com/2024NBASpecials)",TheDunkCentral
"Willie Cauley-Stein plans to sign with the Nanjing Monkey Kings in China, per 
@hoopshype",TheDunkCentral
"Real Madrid is showing interest in Lonnie Walker, per 
@BasketNews_com",TheDunkCentral
"Amazing year for the WNBA ğŸ”¥

Excited to see this league grow ğŸ’ª",TheDunkCentral
THE LIBERTY WIN THEIR FIRST CHAMPIONSHIP IN FRANCHISE HISTORY  ğŸ”¥,TheDunkCentral